"TenantId","SubscriptionId","SubscriptionName","ResourceGroup","VaultName","VaultId","Location","RbacEnabled","EnabledForDeployment","EnabledForTemplateDeployment","EnabledForDiskEncryption","PublicNetworkAccess","DiagnosticSettings","Tags","ApTenantId","ObjectId","ApplicationId","CompoundIdentity","PrincipalType","DisplayName","AppId","UserPrincipalName","KeyPermissions","SecretPermissions","CertificatePermissions","StoragePermissions","HadLegacyAll","SuggestedRole","UsageOps","UsageFailed","UsageLastSeen","UsageOperations","TargetGroupName","TargetGroupDescription","TargetRole","TargetScope","Action","Wave","Notes"
"11111111-1111-1111-1111-111111111111","22222222-2222-2222-2222-222222222222","contoso-prod","rg-payments-prod","kv-payments-prod-01","/subscriptions/22222222-2222-2222-2222-222222222222/resourceGroups/rg-payments-prod/providers/Microsoft.KeyVault/vaults/kv-payments-prod-01","australiaeast","False","False","True","False","Disabled","1","env=prod;owner=payments-team","11111111-1111-1111-1111-111111111111","aaaaaaaa-0000-0000-0000-000000000001","","False","User","Alice Nguyen","","alice.nguyen@contoso.com","get;list;update;create;import;delete;recover;backup;restore;decrypt;encrypt;unwrapkey;wrapkey;verify;sign;purge;release;rotate;getrotationpolicy;setrotationpolicy","get;list;set;delete;recover;backup;restore;purge","get;list;update;create;import;delete;recover;backup;restore;managecontacts;manageissuers;getissuers;listissuers;setissuers;deleteissuers;purge","","True","Key Vault Crypto Officer;Key Vault Secrets Officer;Key Vault Certificates Officer","212","0","2026-09-18T04:12:09Z","SecretGet;SecretList;SecretSet;CertificateGet;VaultGet","RBAC_RG_rg-payments-prod_KVAdmin","Key Vault Administrator on resource group rg-payments-prod. Owner: Payments Team.","Key Vault Administrator","","Group","1","Vault owner"
"11111111-1111-1111-1111-111111111111","22222222-2222-2222-2222-222222222222","contoso-prod","rg-payments-prod","kv-payments-prod-01","/subscriptions/22222222-2222-2222-2222-222222222222/resourceGroups/rg-payments-prod/providers/Microsoft.KeyVault/vaults/kv-payments-prod-01","australiaeast","False","False","True","False","Disabled","1","env=prod;owner=payments-team","11111111-1111-1111-1111-111111111111","bbbbbbbb-0000-0000-0000-000000000001","","False","ServicePrincipal","payments-api","cccccccc-0000-0000-0000-000000000001","","","get;list","","","False","Key Vault Secrets User","18440","0","2026-09-21T23:58:41Z","SecretGet","","","Key Vault Secrets User","","Direct","1","App registration, vault-scoped direct assignment"
"11111111-1111-1111-1111-111111111111","22222222-2222-2222-2222-222222222222","contoso-prod","rg-payments-prod","kv-payments-prod-01","/subscriptions/22222222-2222-2222-2222-222222222222/resourceGroups/rg-payments-prod/providers/Microsoft.KeyVault/vaults/kv-payments-prod-01","australiaeast","False","False","True","False","Disabled","1","env=prod;owner=payments-team","11111111-1111-1111-1111-111111111111","bbbbbbbb-0000-0000-0000-000000000002","","False","ManagedIdentity","id-payments-func","cccccccc-0000-0000-0000-000000000002","","","get","","","False","Key Vault Secrets User","9021","0","2026-09-21T23:55:02Z","SecretGet","","","Key Vault Secrets User","","Direct","1","User-assigned managed identity"
"11111111-1111-1111-1111-111111111111","22222222-2222-2222-2222-222222222222","contoso-prod","rg-payments-prod","kv-payments-prod-01","/subscriptions/22222222-2222-2222-2222-222222222222/resourceGroups/rg-payments-prod/providers/Microsoft.KeyVault/vaults/kv-payments-prod-01","australiaeast","False","False","True","False","Disabled","1","env=prod;owner=payments-team","11111111-1111-1111-1111-111111111111","bbbbbbbb-0000-0000-0000-000000000003","","False","ManagedIdentity","id-backup-agent","cccccccc-0000-0000-0000-000000000003","","get;list;backup","get;list;backup","get;list;backup","","False","Key Vault Crypto User;Key Vault Secrets Officer;Key Vault Certificates Officer","31","0","2026-09-21T14:00:12Z","SecretBackup;KeyBackup;CertificateBackup;SecretList;KeyList;CertificateList","","","Key Vault Crypto User;Key Vault Secrets Officer;Key Vault Certificates Officer","/subscriptions/22222222-2222-2222-2222-222222222222/resourceGroups/rg-payments-prod","Direct","1","Backup service needs every vault in the RG; TargetScope lifts the direct assignment to RG scope"
"11111111-1111-1111-1111-111111111111","22222222-2222-2222-2222-222222222222","contoso-prod","rg-payments-prod","kv-payments-prod-01","/subscriptions/22222222-2222-2222-2222-222222222222/resourceGroups/rg-payments-prod/providers/Microsoft.KeyVault/vaults/kv-payments-prod-01","australiaeast","False","False","True","False","Disabled","1","env=prod;owner=payments-team","11111111-1111-1111-1111-111111111111","dddddddd-0000-0000-0000-000000000001","","False","Orphaned","","","","","get;list;set","","","False","Key Vault Secrets Officer","","","","","","","","","Drop","1","Principal no longer exists in the directory"
"11111111-1111-1111-1111-111111111111","22222222-2222-2222-2222-222222222222","contoso-prod","rg-payments-prod","kv-payments-prod-02","/subscriptions/22222222-2222-2222-2222-222222222222/resourceGroups/rg-payments-prod/providers/Microsoft.KeyVault/vaults/kv-payments-prod-02","australiaeast","False","False","True","False","Disabled","1","env=prod;owner=payments-team","11111111-1111-1111-1111-111111111111","aaaaaaaa-0000-0000-0000-000000000002","","False","User","Bob Chen","","bob.chen@contoso.com","get;list;update;create;import;delete;recover;backup;restore;decrypt;encrypt;unwrapkey;wrapkey;verify;sign;purge;release;rotate;getrotationpolicy;setrotationpolicy","get;list;set;delete;recover;backup;restore;purge","get;list;update;create;import;delete;recover;backup;restore;managecontacts;manageissuers;getissuers;listissuers;setissuers;deleteissuers;purge","","True","Key Vault Crypto Officer;Key Vault Secrets Officer;Key Vault Certificates Officer","0","0","","","RBAC_RG_rg-payments-prod_KVAdmin","Key Vault Administrator on resource group rg-payments-prod. Owner: Payments Team.","Key Vault Administrator","","Group","1","No usage in 90 days but confirmed as vault owner"
"11111111-1111-1111-1111-111111111111","22222222-2222-2222-2222-222222222222","contoso-prod","rg-payments-prod","kv-payments-prod-02","/subscriptions/22222222-2222-2222-2222-222222222222/resourceGroups/rg-payments-prod/providers/Microsoft.KeyVault/vaults/kv-payments-prod-02","australiaeast","False","False","True","False","Disabled","1","env=prod;owner=payments-team","11111111-1111-1111-1111-111111111111","eeeeeeee-0000-0000-0000-000000000001","","False","Group","sg-payments-developers","","","","get;list","","","False","Key Vault Secrets User","640","2","2026-09-19T06:31:55Z","SecretGet;SecretList","","","Key Vault Secrets User","","Direct","1","Existing security group keeps its own vault-scoped assignment"
"11111111-1111-1111-1111-111111111111","22222222-2222-2222-2222-222222222222","contoso-prod","rg-shared-platform-prod","kv-platform-prod-01","/subscriptions/22222222-2222-2222-2222-222222222222/resourceGroups/rg-shared-platform-prod/providers/Microsoft.KeyVault/vaults/kv-platform-prod-01","australiaeast","False","False","True","False","Disabled","1","env=prod;owner=platform-engineering","11111111-1111-1111-1111-111111111111","aaaaaaaa-0000-0000-0000-000000000003","","False","User","Carol Singh","","carol.singh@contoso.com","get;list;update;create;import;delete;recover;backup;restore;decrypt;encrypt;unwrapkey;wrapkey;verify;sign;purge;release;rotate;getrotationpolicy;setrotationpolicy","get;list;set;delete;recover;backup;restore;purge","get;list;update;create;import;delete;recover;backup;restore;managecontacts;manageissuers;getissuers;listissuers;setissuers;deleteissuers;purge","","True","Key Vault Crypto Officer;Key Vault Secrets Officer;Key Vault Certificates Officer","88","0","2026-09-17T01:02:03Z","SecretGet;SecretSet;KeyCreate;VaultPatch","RBAC_KV_SharedPlatform_Admin","Key Vault Administrator at resource group scope. Scope: RG name contains ""shared-platform"". Owner: Platform Engineering.","Key Vault Administrator","","Group","2","Platform group spans every shared-platform RG"
"11111111-1111-1111-1111-111111111111","22222222-2222-2222-2222-222222222222","contoso-prod","rg-shared-platform-prod","kv-platform-prod-01","/subscriptions/22222222-2222-2222-2222-222222222222/resourceGroups/rg-shared-platform-prod/providers/Microsoft.KeyVault/vaults/kv-platform-prod-01","australiaeast","False","False","True","False","Disabled","1","env=prod;owner=platform-engineering","11111111-1111-1111-1111-111111111111","bbbbbbbb-0000-0000-0000-000000000004","","False","ServicePrincipal","platform-deploy-pipeline","cccccccc-0000-0000-0000-000000000004","","","get;list;set","get;list;import","","False","Key Vault Secrets Officer;Key Vault Certificates Officer","402","0","2026-09-21T09:40:00Z","SecretSet;CertificateImport;SecretGet","","","Key Vault Secrets Officer;Key Vault Certificates Officer","","Direct","2","Two roles separated by ;"
"11111111-1111-1111-1111-111111111111","22222222-2222-2222-2222-222222222222","contoso-prod","rg-shared-platform-dev","kv-platform-dev-01","/subscriptions/22222222-2222-2222-2222-222222222222/resourceGroups/rg-shared-platform-dev/providers/Microsoft.KeyVault/vaults/kv-platform-dev-01","australiaeast","False","False","True","False","Enabled","1","env=dev;owner=platform-engineering","11111111-1111-1111-1111-111111111111","aaaaaaaa-0000-0000-0000-000000000003","","False","User","Carol Singh","","carol.singh@contoso.com","get;list;update;create;import;delete;recover;backup;restore;decrypt;encrypt;unwrapkey;wrapkey;verify;sign;purge;release;rotate;getrotationpolicy;setrotationpolicy","get;list;set;delete;recover;backup;restore;purge","get;list;update;create;import;delete;recover;backup;restore;managecontacts;manageissuers;getissuers;listissuers;setissuers;deleteissuers;purge","","True","Key Vault Crypto Officer;Key Vault Secrets Officer;Key Vault Certificates Officer","88","0","2026-09-17T01:02:03Z","SecretGet;SecretSet;KeyCreate;VaultPatch","RBAC_KV_SharedPlatform_Admin","Key Vault Administrator at resource group scope. Scope: RG name contains ""shared-platform"". Owner: Platform Engineering.","Key Vault Administrator","","Group","2","Platform group spans every shared-platform RG"
"11111111-1111-1111-1111-111111111111","22222222-2222-2222-2222-222222222222","contoso-prod","rg-shared-platform-dev","kv-platform-dev-01","/subscriptions/22222222-2222-2222-2222-222222222222/resourceGroups/rg-shared-platform-dev/providers/Microsoft.KeyVault/vaults/kv-platform-dev-01","australiaeast","False","False","True","False","Enabled","1","env=dev;owner=platform-engineering","11111111-1111-1111-1111-111111111111","bbbbbbbb-0000-0000-0000-000000000004","","False","ServicePrincipal","platform-deploy-pipeline","cccccccc-0000-0000-0000-000000000004","","","get;list;set","get;list;import","","False","Key Vault Secrets Officer;Key Vault Certificates Officer","402","0","2026-09-21T09:40:00Z","SecretSet;CertificateImport;SecretGet","","","Key Vault Secrets Officer;Key Vault Certificates Officer","","Direct","2","Two roles separated by ;"
"11111111-1111-1111-1111-111111111111","22222222-2222-2222-2222-222222222222","contoso-prod","rg-data-prod","kv-data-prod-01","/subscriptions/22222222-2222-2222-2222-222222222222/resourceGroups/rg-data-prod/providers/Microsoft.KeyVault/vaults/kv-data-prod-01","australiaeast","False","False","True","False","Disabled","1","env=prod;owner=data-platform","11111111-1111-1111-1111-111111111111","bbbbbbbb-0000-0000-0000-000000000005","","False","ServicePrincipal","etl-runner","cccccccc-0000-0000-0000-000000000005","","get;wrapkey;unwrapkey","","","","False","Key Vault Crypto Service Encryption User","55210","0","2026-09-21T23:59:30Z","KeyWrap;KeyUnwrap;KeyGet","","","Key Vault Crypto Service Encryption User","","Direct","3",""
"11111111-1111-1111-1111-111111111111","22222222-2222-2222-2222-222222222222","contoso-prod","rg-data-prod","kv-data-prod-01","/subscriptions/22222222-2222-2222-2222-222222222222/resourceGroups/rg-data-prod/providers/Microsoft.KeyVault/vaults/kv-data-prod-01","australiaeast","False","False","True","False","Disabled","1","env=prod;owner=data-platform","99999999-9999-9999-9999-999999999999","ffffffff-0000-0000-0000-000000000001","","False","ForeignTenant","","","","","get","","","False","Key Vault Secrets User","","","","","","","","","Drop","3","Partner tenant identity, confirmed unused; cross-tenant access is out of scope"
"11111111-1111-1111-1111-111111111111","22222222-2222-2222-2222-222222222222","contoso-prod","rg-data-prod","kv-data-prod-01","/subscriptions/22222222-2222-2222-2222-222222222222/resourceGroups/rg-data-prod/providers/Microsoft.KeyVault/vaults/kv-data-prod-01","australiaeast","False","False","True","False","Disabled","1","env=prod;owner=data-platform","11111111-1111-1111-1111-111111111111","aaaaaaaa-0000-0000-0000-000000000004","","False","User","Dave Okafor","","dave.okafor@contoso.com","","get;list;set;delete","","","False","Key Vault Secrets Officer","3","0","2026-07-02T22:10:44Z","SecretGet;SecretSet","RBAC_RG_rg-data-prod_KVAdmin","Key Vault Administrator on resource group rg-data-prod. Owner: Data Platform.","Key Vault Administrator","","Group","3","Consolidated into the RG admin group after owner sign-off"
"11111111-1111-1111-1111-111111111111","22222222-2222-2222-2222-222222222222","contoso-prod","rg-legacy-apps","kv-legacy-rbac-01","/subscriptions/22222222-2222-2222-2222-222222222222/resourceGroups/rg-legacy-apps/providers/Microsoft.KeyVault/vaults/kv-legacy-rbac-01","australiaeast","True","False","True","False","Disabled","1","env=prod;owner=legacy-apps","","","","","","","","","","","","","","","","","","","","","","","Skip","","No access policies; already on RBAC"
"11111111-1111-1111-1111-111111111111","22222222-2222-2222-2222-222222222222","contoso-prod","rg-legacy-apps","kv-legacy-empty-01","/subscriptions/22222222-2222-2222-2222-222222222222/resourceGroups/rg-legacy-apps/providers/Microsoft.KeyVault/vaults/kv-legacy-empty-01","australiaeast","False","False","True","False","Disabled","1","env=prod;owner=legacy-apps","","","","","","","","","","","","","","","","","","","","","","","Skip","","No access policies and no known consumers; handled outside this plan"
